--
-- PostgreSQL database dump
--

SET statement_timeout = 0;
SET client_encoding = 'SQL_ASCII';
SET standard_conforming_strings = on;
SET check_function_bodies = false;
SET client_min_messages = warning;

--
-- Name: plpgsql; Type: EXTENSION; Schema: -; Owner: 
--

CREATE EXTENSION IF NOT EXISTS plpgsql WITH SCHEMA pg_catalog;


--
-- Name: EXTENSION plpgsql; Type: COMMENT; Schema: -; Owner: 
--

COMMENT ON EXTENSION plpgsql IS 'PL/pgSQL procedural language';


SET search_path = public, pg_catalog;

SET default_tablespace = '';

SET default_with_oids = false;

--
-- Name: configuracion; Type: TABLE; Schema: public; Owner: postgres; Tablespace: 
--

CREATE TABLE configuracion (
    mangueras integer,
    mangueras2 integer,
    p1 integer,
    p2 integer,
    p3 integer,
    p1b integer,
    p2b integer,
    p3b integer,
    versions integer,
    ddinero integer,
    dvolumen integer,
    ppux10 integer,
    pantallas integer,
    solkm integer,
    efectivo integer,
    flota integer
);


ALTER TABLE public.configuracion OWNER TO postgres;

--
-- Name: corte; Type: TABLE; Schema: public; Owner: postgres; Tablespace: 
--

CREATE TABLE corte (
    pk_id_corte integer NOT NULL,
    ultima_venta integer,
    t_electronico integer,
    volventat double precision,
    t_electronico2 integer,
    volventat2 double precision,
    t_electronico3 integer,
    volventat3 double precision,
    cara integer
);


ALTER TABLE public.corte OWNER TO postgres;

--
-- Name: corte_pk_id_corte_seq; Type: SEQUENCE; Schema: public; Owner: postgres
--

CREATE SEQUENCE corte_pk_id_corte_seq
    START WITH 1
    INCREMENT BY 1
    NO MINVALUE
    NO MAXVALUE
    CACHE 1;


ALTER TABLE public.corte_pk_id_corte_seq OWNER TO postgres;

--
-- Name: corte_pk_id_corte_seq; Type: SEQUENCE OWNED BY; Schema: public; Owner: postgres
--

ALTER SEQUENCE corte_pk_id_corte_seq OWNED BY corte.pk_id_corte;


--
-- Name: cuenta; Type: TABLE; Schema: public; Owner: postgres; Tablespace: 
--

CREATE TABLE cuenta (
    id_cliente integer NOT NULL,
    estado_cuenta boolean DEFAULT false,
    nombre character varying(255),
    tax_number character varying(50),
    direccion character varying(255),
    telefono character varying(30),
    ciudad character varying(50),
    provincia character varying(50),
    tipo_transaccion integer,
    saldo double precision
);


ALTER TABLE public.cuenta OWNER TO postgres;

--
-- Name: cuenta_id_cliente_seq; Type: SEQUENCE; Schema: public; Owner: postgres
--

CREATE SEQUENCE cuenta_id_cliente_seq
    START WITH 1
    INCREMENT BY 1
    NO MINVALUE
    NO MAXVALUE
    CACHE 1;


ALTER TABLE public.cuenta_id_cliente_seq OWNER TO postgres;

--
-- Name: cuenta_id_cliente_seq; Type: SEQUENCE OWNED BY; Schema: public; Owner: postgres
--

ALTER SEQUENCE cuenta_id_cliente_seq OWNED BY cuenta.id_cliente;


--
-- Name: identificadores; Type: TABLE; Schema: public; Owner: postgres; Tablespace: 
--

CREATE TABLE identificadores (
    pk_idibutton integer NOT NULL,
    ibutton character varying(20) NOT NULL
);


ALTER TABLE public.identificadores OWNER TO postgres;

--
-- Name: identificadores_pk_idibutton_seq; Type: SEQUENCE; Schema: public; Owner: postgres
--

CREATE SEQUENCE identificadores_pk_idibutton_seq
    START WITH 1
    INCREMENT BY 1
    NO MINVALUE
    NO MAXVALUE
    CACHE 1;


ALTER TABLE public.identificadores_pk_idibutton_seq OWNER TO postgres;

--
-- Name: identificadores_pk_idibutton_seq; Type: SEQUENCE OWNED BY; Schema: public; Owner: postgres
--

ALTER SEQUENCE identificadores_pk_idibutton_seq OWNED BY identificadores.pk_idibutton;


--
-- Name: operario; Type: TABLE; Schema: public; Owner: postgres; Tablespace: 
--

CREATE TABLE operario (
    pk_idoperario integer NOT NULL,
    nombre character varying(100),
    documento character varying(50),
    ibutton character varying(20)
);


ALTER TABLE public.operario OWNER TO postgres;

--
-- Name: operario_pk_idoperario_seq; Type: SEQUENCE; Schema: public; Owner: postgres
--

CREATE SEQUENCE operario_pk_idoperario_seq
    START WITH 1
    INCREMENT BY 1
    NO MINVALUE
    NO MAXVALUE
    CACHE 1;


ALTER TABLE public.operario_pk_idoperario_seq OWNER TO postgres;

--
-- Name: operario_pk_idoperario_seq; Type: SEQUENCE OWNED BY; Schema: public; Owner: postgres
--

ALTER SEQUENCE operario_pk_idoperario_seq OWNED BY operario.pk_idoperario;


--
-- Name: precios; Type: TABLE; Schema: public; Owner: postgres; Tablespace: 
--

CREATE TABLE precios (
    fk_id_producto integer,
    precio character varying(5)
);


ALTER TABLE public.precios OWNER TO postgres;

--
-- Name: producto; Type: TABLE; Schema: public; Owner: postgres; Tablespace: 
--

CREATE TABLE producto (
    id_producto integer NOT NULL,
    descripcion character varying(50)
);


ALTER TABLE public.producto OWNER TO postgres;

--
-- Name: recibo; Type: TABLE; Schema: public; Owner: postgres; Tablespace: 
--

CREATE TABLE recibo (
    linea1 character varying(255),
    linea2 character varying(255),
    id_tax character varying(30),
    tel character varying(20),
    dir character varying(255),
    vol character varying(4),
    moneda character varying(4),
    footer character varying(255),
    logo character varying(25)
);


ALTER TABLE public.recibo OWNER TO postgres;

--
-- Name: restricciones; Type: TABLE; Schema: public; Owner: postgres; Tablespace: 
--

CREATE TABLE restricciones (
    id_vehiculo integer NOT NULL,
    id_producto integer,
    visitadia integer,
    visitasemana integer,
    visitames integer,
    volvisitadia double precision DEFAULT 0.0,
    volvisitasemana double precision DEFAULT 0.0,
    volvisitames double precision DEFAULT 0.0,
    dinvisitadia double precision DEFAULT 0.0,
    dinvisitasemana double precision DEFAULT 0.0,
    dinvisitames double precision DEFAULT 0.0,
    ppu character varying(5)
);


ALTER TABLE public.restricciones OWNER TO postgres;

--
-- Name: restricciones_id_vehiculo_seq; Type: SEQUENCE; Schema: public; Owner: postgres
--

CREATE SEQUENCE restricciones_id_vehiculo_seq
    START WITH 1
    INCREMENT BY 1
    NO MINVALUE
    NO MAXVALUE
    CACHE 1;


ALTER TABLE public.restricciones_id_vehiculo_seq OWNER TO postgres;

--
-- Name: restricciones_id_vehiculo_seq; Type: SEQUENCE OWNED BY; Schema: public; Owner: postgres
--

ALTER SEQUENCE restricciones_id_vehiculo_seq OWNED BY restricciones.id_vehiculo;


--
-- Name: transaccion; Type: TABLE; Schema: public; Owner: postgres; Tablespace: 
--

CREATE TABLE transaccion (
    tipo integer NOT NULL,
    descripcion character varying(50)
);


ALTER TABLE public.transaccion OWNER TO postgres;

--
-- Name: usuario; Type: TABLE; Schema: public; Owner: postgres; Tablespace: 
--

CREATE TABLE usuario (
    pk_id_user integer NOT NULL,
    usuario character varying(20),
    pass character varying(255)
);


ALTER TABLE public.usuario OWNER TO postgres;

--
-- Name: usuario_pk_id_user_seq; Type: SEQUENCE; Schema: public; Owner: postgres
--

CREATE SEQUENCE usuario_pk_id_user_seq
    START WITH 1
    INCREMENT BY 1
    NO MINVALUE
    NO MAXVALUE
    CACHE 1;


ALTER TABLE public.usuario_pk_id_user_seq OWNER TO postgres;

--
-- Name: usuario_pk_id_user_seq; Type: SEQUENCE OWNED BY; Schema: public; Owner: postgres
--

ALTER SEQUENCE usuario_pk_id_user_seq OWNED BY usuario.pk_id_user;


--
-- Name: vehiculo; Type: TABLE; Schema: public; Owner: postgres; Tablespace: 
--

CREATE TABLE vehiculo (
    id_cliente integer NOT NULL,
    id_vehiculo integer NOT NULL,
    placa character varying(20),
    serial character varying(20) NOT NULL,
    tanque double precision,
    estado_bloqueo boolean DEFAULT false,
    marca character varying(100),
    idvehiculo integer
);


ALTER TABLE public.vehiculo OWNER TO postgres;

--
-- Name: vehiculo_id_cliente_seq; Type: SEQUENCE; Schema: public; Owner: postgres
--

CREATE SEQUENCE vehiculo_id_cliente_seq
    START WITH 1
    INCREMENT BY 1
    NO MINVALUE
    NO MAXVALUE
    CACHE 1;


ALTER TABLE public.vehiculo_id_cliente_seq OWNER TO postgres;

--
-- Name: vehiculo_id_cliente_seq; Type: SEQUENCE OWNED BY; Schema: public; Owner: postgres
--

ALTER SEQUENCE vehiculo_id_cliente_seq OWNED BY vehiculo.id_cliente;


--
-- Name: vehiculo_id_vehiculo_seq; Type: SEQUENCE; Schema: public; Owner: postgres
--

CREATE SEQUENCE vehiculo_id_vehiculo_seq
    START WITH 1
    INCREMENT BY 1
    NO MINVALUE
    NO MAXVALUE
    CACHE 1;


ALTER TABLE public.vehiculo_id_vehiculo_seq OWNER TO postgres;

--
-- Name: vehiculo_id_vehiculo_seq; Type: SEQUENCE OWNED BY; Schema: public; Owner: postgres
--

ALTER SEQUENCE vehiculo_id_vehiculo_seq OWNED BY vehiculo.id_vehiculo;


--
-- Name: venta; Type: TABLE; Schema: public; Owner: postgres; Tablespace: 
--

CREATE TABLE venta (
    id integer NOT NULL,
    id_cliente integer NOT NULL,
    fecha timestamp without time zone DEFAULT now(),
    tipo_transaccion integer,
    dinero double precision,
    volumen double precision,
    cara character varying(2)
);


ALTER TABLE public.venta OWNER TO postgres;

--
-- Name: venta_detalle; Type: TABLE; Schema: public; Owner: postgres; Tablespace: 
--

CREATE TABLE venta_detalle (
    fk_id integer NOT NULL,
    placa character varying(20),
    km character varying(30),
    fk_id_producto integer,
    precio double precision,
    cara integer,
    manguera integer,
    fk_id_corte integer NOT NULL,
    dinero double precision,
    volumen double precision,
    idvehiculo character varying(20)
);


ALTER TABLE public.venta_detalle OWNER TO postgres;

--
-- Name: venta_detalle_fk_id_corte_seq; Type: SEQUENCE; Schema: public; Owner: postgres
--

CREATE SEQUENCE venta_detalle_fk_id_corte_seq
    START WITH 1
    INCREMENT BY 1
    NO MINVALUE
    NO MAXVALUE
    CACHE 1;


ALTER TABLE public.venta_detalle_fk_id_corte_seq OWNER TO postgres;

--
-- Name: venta_detalle_fk_id_corte_seq; Type: SEQUENCE OWNED BY; Schema: public; Owner: postgres
--

ALTER SEQUENCE venta_detalle_fk_id_corte_seq OWNED BY venta_detalle.fk_id_corte;


--
-- Name: venta_detalle_fk_id_seq; Type: SEQUENCE; Schema: public; Owner: postgres
--

CREATE SEQUENCE venta_detalle_fk_id_seq
    START WITH 1
    INCREMENT BY 1
    NO MINVALUE
    NO MAXVALUE
    CACHE 1;


ALTER TABLE public.venta_detalle_fk_id_seq OWNER TO postgres;

--
-- Name: venta_detalle_fk_id_seq; Type: SEQUENCE OWNED BY; Schema: public; Owner: postgres
--

ALTER SEQUENCE venta_detalle_fk_id_seq OWNED BY venta_detalle.fk_id;


--
-- Name: venta_id_cliente_seq; Type: SEQUENCE; Schema: public; Owner: postgres
--

CREATE SEQUENCE venta_id_cliente_seq
    START WITH 1
    INCREMENT BY 1
    NO MINVALUE
    NO MAXVALUE
    CACHE 1;


ALTER TABLE public.venta_id_cliente_seq OWNER TO postgres;

--
-- Name: venta_id_cliente_seq; Type: SEQUENCE OWNED BY; Schema: public; Owner: postgres
--

ALTER SEQUENCE venta_id_cliente_seq OWNED BY venta.id_cliente;


--
-- Name: venta_id_seq; Type: SEQUENCE; Schema: public; Owner: postgres
--

CREATE SEQUENCE venta_id_seq
    START WITH 1
    INCREMENT BY 1
    NO MINVALUE
    NO MAXVALUE
    CACHE 1;


ALTER TABLE public.venta_id_seq OWNER TO postgres;

--
-- Name: venta_id_seq; Type: SEQUENCE OWNED BY; Schema: public; Owner: postgres
--

ALTER SEQUENCE venta_id_seq OWNED BY venta.id;


--
-- Name: pk_id_corte; Type: DEFAULT; Schema: public; Owner: postgres
--

ALTER TABLE ONLY corte ALTER COLUMN pk_id_corte SET DEFAULT nextval('corte_pk_id_corte_seq'::regclass);


--
-- Name: id_cliente; Type: DEFAULT; Schema: public; Owner: postgres
--

ALTER TABLE ONLY cuenta ALTER COLUMN id_cliente SET DEFAULT nextval('cuenta_id_cliente_seq'::regclass);


--
-- Name: pk_idibutton; Type: DEFAULT; Schema: public; Owner: postgres
--

ALTER TABLE ONLY identificadores ALTER COLUMN pk_idibutton SET DEFAULT nextval('identificadores_pk_idibutton_seq'::regclass);


--
-- Name: pk_idoperario; Type: DEFAULT; Schema: public; Owner: postgres
--

ALTER TABLE ONLY operario ALTER COLUMN pk_idoperario SET DEFAULT nextval('operario_pk_idoperario_seq'::regclass);


--
-- Name: id_vehiculo; Type: DEFAULT; Schema: public; Owner: postgres
--

ALTER TABLE ONLY restricciones ALTER COLUMN id_vehiculo SET DEFAULT nextval('restricciones_id_vehiculo_seq'::regclass);


--
-- Name: pk_id_user; Type: DEFAULT; Schema: public; Owner: postgres
--

ALTER TABLE ONLY usuario ALTER COLUMN pk_id_user SET DEFAULT nextval('usuario_pk_id_user_seq'::regclass);


--
-- Name: id_cliente; Type: DEFAULT; Schema: public; Owner: postgres
--

ALTER TABLE ONLY vehiculo ALTER COLUMN id_cliente SET DEFAULT nextval('vehiculo_id_cliente_seq'::regclass);


--
-- Name: id_vehiculo; Type: DEFAULT; Schema: public; Owner: postgres
--

ALTER TABLE ONLY vehiculo ALTER COLUMN id_vehiculo SET DEFAULT nextval('vehiculo_id_vehiculo_seq'::regclass);


--
-- Name: id; Type: DEFAULT; Schema: public; Owner: postgres
--

ALTER TABLE ONLY venta ALTER COLUMN id SET DEFAULT nextval('venta_id_seq'::regclass);


--
-- Name: id_cliente; Type: DEFAULT; Schema: public; Owner: postgres
--

ALTER TABLE ONLY venta ALTER COLUMN id_cliente SET DEFAULT nextval('venta_id_cliente_seq'::regclass);


--
-- Name: fk_id; Type: DEFAULT; Schema: public; Owner: postgres
--

ALTER TABLE ONLY venta_detalle ALTER COLUMN fk_id SET DEFAULT nextval('venta_detalle_fk_id_seq'::regclass);


--
-- Name: fk_id_corte; Type: DEFAULT; Schema: public; Owner: postgres
--

ALTER TABLE ONLY venta_detalle ALTER COLUMN fk_id_corte SET DEFAULT nextval('venta_detalle_fk_id_corte_seq'::regclass);


--
-- Data for Name: configuracion; Type: TABLE DATA; Schema: public; Owner: postgres
--

COPY configuracion (mangueras, mangueras2, p1, p2, p3, p1b, p2b, p3b, versions, ddinero, dvolumen, ppux10, pantallas, solkm, efectivo, flota) FROM stdin;
1	1	1	0	0	2	0	0	6	0	3	0	1	1	0	1
\.


--
-- Data for Name: corte; Type: TABLE DATA; Schema: public; Owner: postgres
--

COPY corte (pk_id_corte, ultima_venta, t_electronico, volventat, t_electronico2, volventat2, t_electronico3, volventat3, cara) FROM stdin;
17	147	39647	101402.460000000006	\N	0	\N	0	\N
18	154	39939	275.720000000000027	\N	0	\N	0	\N
19	156	39976	7.41999999999999993	\N	0	\N	0	\N
20	158	40226	50.0399999999999991	\N	0	\N	0	\N
21	160	\N	40284	\N	0	\N	0	1
22	160	\N	20194	\N	0	\N	0	2
23	160	20194	\N	0	\N	0	\N	2
24	160	20194	0	0	0	0	0	\N
25	160	20194	0	0	0	0	0	2
26	161	20302	1.08000000000001251	0	0	0	0	2
27	161	20302	0	0	0	0	0	2
28	162	20422	1.19999999999999996	0	0	0	0	2
29	162	20422	0	0	0	0	0	2
30	162	20422	0	0	0	0	0	2
31	162	20422	0	0	0	0	0	2
32	162	20422	0	0	0	0	0	2
33	162	20422	0	0	0	0	0	2
34	159	40284	402.839999999999975	0	0	0	0	1
35	159	40284	0	0	0	0	0	1
36	159	40284	0	0	0	0	0	1
37	159	40284	0	0	0	0	0	1
38	162	20422	0	0	0	0	0	2
39	198	43430	31.4600000000000009	0	0	0	0	1
40	200	22467	20.4499999999999993	0	0	0	0	2
41	203	43869	4.38999999999999968	0	0	0	0	1
42	204	43877	0.0800000000000000017	0	0	0	0	1
43	205	22522	0.550000000000000044	0	0	0	0	2
44	204	43877	0	0	0	0	0	1
45	205	22522	0	0	0	0	0	2
46	204	43877	0	0	0	0	0	1
47	204	43877	0	0	0	0	0	1
48	204	43877	0	0	0	0	0	1
49	205	22522	0	0	0	0	0	2
50	206	44696	8.1899999999999995	0	0	0	0	1
51	216	23228	7.05999999999999961	0	0	0	0	2
52	206	44902	2.06000000000000005	0	0	0	0	1
53	219	23498	2.70000000000000018	0	0	0	0	2
54	220	44955	0.530000000000000027	0	0	0	0	1
55	221	23621	1.22999999999999998	0	0	0	0	2
56	220	44955	0	0	0	0	0	1
57	221	23621	0	0	0	0	0	2
58	222	45015	0.599999999999999978	0	0	0	0	1
59	223	23741	1.19999999999999996	0	0	0	0	2
60	222	45015	0	0	0	0	0	1
61	223	23741	0	0	0	0	0	2
\.


--
-- Name: corte_pk_id_corte_seq; Type: SEQUENCE SET; Schema: public; Owner: postgres
--

SELECT pg_catalog.setval('corte_pk_id_corte_seq', 61, true);


--
-- Data for Name: cuenta; Type: TABLE DATA; Schema: public; Owner: postgres
--

COPY cuenta (id_cliente, estado_cuenta, nombre, tax_number, direccion, telefono, ciudad, provincia, tipo_transaccion, saldo) FROM stdin;
1	t	Your company 	123456789	Main street 123	7030030002	Stuttgart 	Stuttgart 	2	100000
3	t	Insepet	830071049-5	Carrera 90 No 17B 75	4222525	Bogota	Colombia 	2	168493893902
2	t	EFECTIVO	000-000	LOCAL	000-000	LOCAL	LOCAL	1	0
4	t	Elver	1546621665	carrera 157b # 145-56	6846575	bogota	cundinamarca	1	5000000
5	t	Rodrigo	3455321244	Cra 67 # 77-87 	6846575	Bogotá 	Cundinamarca 	3	5000000
6	t	Nombre de cliente	NIT / CC	Direccion	Teléfono		Departamento / Provincia	2	0
7	t	Administración Montevideo	123.456	Ruta 9 - Km. 175	(+598) 4224 1759		Maldonado	4	0
8	t	Administración Sist de Gestión	123.456	Ruta 9 - Km. 175	(+598) 4224 1759		Maldonado	1	0
9	t	admin	NIT / CC	Direccion	7567262		LOCAL	3	0
10	t	Jorge	69365452	Carrera 69b # 04-04	2256498		Bogota D.C.	3	5000000
\.


--
-- Name: cuenta_id_cliente_seq; Type: SEQUENCE SET; Schema: public; Owner: postgres
--

SELECT pg_catalog.setval('cuenta_id_cliente_seq', 1, false);


--
-- Data for Name: identificadores; Type: TABLE DATA; Schema: public; Owner: postgres
--

COPY identificadores (pk_idibutton, ibutton) FROM stdin;
1	3600000169A9ED01
2	280000011CC9F101
3	07000000C413AF02
7	780000015E320F01
\.


--
-- Name: identificadores_pk_idibutton_seq; Type: SEQUENCE SET; Schema: public; Owner: postgres
--

SELECT pg_catalog.setval('identificadores_pk_idibutton_seq', 8, true);


--
-- Data for Name: operario; Type: TABLE DATA; Schema: public; Owner: postgres
--

COPY operario (pk_idoperario, nombre, documento, ibutton) FROM stdin;
1	Diego Herrera	1032369729	3600000169A9ED01
2	Diego Herrera	1032369729	280000011CC9F101
3			
4	Diego Herrera 2	12345	280000011CC9F101
5	andres	CI	280000011CC9F101
\.


--
-- Name: operario_pk_idoperario_seq; Type: SEQUENCE SET; Schema: public; Owner: postgres
--

SELECT pg_catalog.setval('operario_pk_idoperario_seq', 5, true);


--
-- Data for Name: precios; Type: TABLE DATA; Schema: public; Owner: postgres
--

COPY precios (fk_id_producto, precio) FROM stdin;
1	08500
2	06500
3	03000
\.


--
-- Data for Name: producto; Type: TABLE DATA; Schema: public; Owner: postgres
--

COPY producto (id_producto, descripcion) FROM stdin;
2	DIESEL
3	PLUS
1	Corriente
0	SIN PRODUCTO
4	premium
\.


--
-- Data for Name: recibo; Type: TABLE DATA; Schema: public; Owner: postgres
--

COPY recibo (linea1, linea2, id_tax, tel, dir, vol, moneda, footer, logo) FROM stdin;
Insepet - Uniti Expo 2016	Linea 2	Hall 5 Stand C67	June 14-16 	Messe Stuttgart 	Gls 	€	Thanks for your visit	2015111202.jpg
\.


--
-- Data for Name: restricciones; Type: TABLE DATA; Schema: public; Owner: postgres
--

COPY restricciones (id_vehiculo, id_producto, visitadia, visitasemana, visitames, volvisitadia, volvisitasemana, volvisitames, dinvisitadia, dinvisitasemana, dinvisitames, ppu) FROM stdin;
1	2	1	1	1	12.5	25	100	312.5	625	2500	01000
2	2	1	1	1	26.6700000000000017	26.6700000000000017	133.330000000000013	6666.67000000000007	6666.67000000000007	33333.3300000000017	01000
3	1	1	1	1	2	10	100	6666.67000000000007	33333.3300000000017	333333.330000000016	01000
\.


--
-- Name: restricciones_id_vehiculo_seq; Type: SEQUENCE SET; Schema: public; Owner: postgres
--

SELECT pg_catalog.setval('restricciones_id_vehiculo_seq', 1, false);


--
-- Data for Name: transaccion; Type: TABLE DATA; Schema: public; Owner: postgres
--

COPY transaccion (tipo, descripcion) FROM stdin;
2	CREDITO
3	PREPAGO
1	PRIVADO
4	AUTOABASTECIMIENTO
\.


--
-- Data for Name: usuario; Type: TABLE DATA; Schema: public; Owner: postgres
--

COPY usuario (pk_id_user, usuario, pass) FROM stdin;
1	admin	827ccb0eea8a706c4c34a16891f84e7b
2	diego	078c007bd92ddec308ae2f5115c1775d
3	willys	7402d37e1431288b190bdeb1a550d698
4	Camilo	6fcac41085d4fcac0472ddf8e2cdf51c
5	Camilo	838e97facf6e43f8a5c56fa1e1427d88
6	Herrera	e120ea280aa50693d5568d0071456460
7	GinoC	41e58ce2b1867981b294d50e4eaf2fb9
8	Andres Marin	f6362de27ed7590b4e32f3617451b087
9	Andres Marin	f6362de27ed7590b4e32f3617451b087
\.


--
-- Name: usuario_pk_id_user_seq; Type: SEQUENCE SET; Schema: public; Owner: postgres
--

SELECT pg_catalog.setval('usuario_pk_id_user_seq', 1, true);


--
-- Data for Name: vehiculo; Type: TABLE DATA; Schema: public; Owner: postgres
--

COPY vehiculo (id_cliente, id_vehiculo, placa, serial, tanque, estado_bloqueo, marca, idvehiculo) FROM stdin;
10	1	CIY187		100	f	Renault	79485465
10	2	NOB415	3600000169A9ED01	100	t	Renault	1234
7	3	RJI806	780000015E320F01	100	t	Subaru	7890
\.


--
-- Name: vehiculo_id_cliente_seq; Type: SEQUENCE SET; Schema: public; Owner: postgres
--

SELECT pg_catalog.setval('vehiculo_id_cliente_seq', 1, false);


--
-- Name: vehiculo_id_vehiculo_seq; Type: SEQUENCE SET; Schema: public; Owner: postgres
--

SELECT pg_catalog.setval('vehiculo_id_vehiculo_seq', 1, false);


--
-- Data for Name: venta; Type: TABLE DATA; Schema: public; Owner: postgres
--

COPY venta (id, id_cliente, fecha, tipo_transaccion, dinero, volumen, cara) FROM stdin;
1	1	2016-10-13 14:20:20.782412	2	23026	3.06199999999999983	\N
2	3	2015-11-12 18:45:41.464649	2	0	0	\N
3	3	2016-10-18 12:41:05.561255	2	335	0.33500000000000002	\N
4	3	2016-10-18 12:41:05.758376	2	335	0.33500000000000002	\N
5	3	2016-10-18 12:43:28.655777	2	0	0	\N
6	3	2016-10-18 12:43:29.023217	2	0	0	\N
7	3	2016-10-18 12:43:29.628957	2	0	0	\N
8	3	2016-10-18 12:56:07.934487	2	283	0.282999999999999974	\N
9	3	2016-10-18 12:56:08.285337	2	283	0.282999999999999974	\N
10	3	2016-10-18 12:56:08.872865	2	283	0.282999999999999974	\N
11	3	2016-10-18 13:02:11.312014	2	167	0.16700000000000001	\N
12	3	2016-10-18 13:02:11.679513	2	167	0.16700000000000001	\N
13	3	2016-10-18 13:02:12.171165	2	167	0.16700000000000001	\N
14	3	2016-10-18 13:02:12.707166	2	167	0.16700000000000001	\N
15	3	2016-10-18 13:02:13.181844	2	167	0.16700000000000001	\N
16	3	2016-10-18 13:02:13.699302	2	167	0.16700000000000001	\N
17	3	2016-10-18 13:02:14.132367	2	167	0.16700000000000001	\N
18	3	2016-10-18 13:02:14.534917	2	167	0.16700000000000001	\N
19	3	2016-10-18 13:02:15.024632	2	167	0.16700000000000001	\N
20	3	2016-10-18 13:09:09.603018	2	264	0.264000000000000012	\N
21	3	2016-10-19 06:18:22.414828	2	796	0.796000000000000041	\N
22	3	2016-10-19 06:19:58.740772	2	0	0	\N
23	3	2016-10-19 11:34:12.324439	2	884	0.884000000000000008	\N
24	3	2016-10-19 11:35:52.192471	2	518	0.518000000000000016	\N
25	1	2016-10-19 11:42:08.645944	2	9889	1.31499999999999995	\N
26	3	2016-01-28 15:11:58.780611	2	352	0.559000000000000052	\N
27	3	2016-10-20 06:49:35.28676	2	4723	2.20199999999999996	\N
28	1	2016-10-20 06:50:51.958165	2	2231	1.04000000000000004	\N
29	3	2016-10-24 08:03:18.669764	2	8595	1.14300000000000002	\N
30	3	2016-10-24 08:09:52.745087	2	858	0.400000000000000022	\N
31	1	2016-11-02 09:24:31.848312	2	3888	0.517000000000000015	\N
32	1	2016-11-02 09:25:35.999814	2	19424	2.58300000000000018	\N
33	1	2016-11-02 09:37:16.220727	2	2918	0.388000000000000012	\N
34	1	2016-11-02 09:38:56.027113	2	2617	0.347999999999999976	\N
35	1	2016-11-02 09:39:39.384017	2	9144	1.21599999999999997	\N
36	1	2016-11-02 10:47:29.200436	2	2474	0.329000000000000015	\N
37	1	2016-11-02 10:50:55.07257	2	6196	0.823999999999999955	\N
38	1	2016-11-02 11:02:04.437236	2	0	0	\N
39	1	2016-11-02 11:06:57.713754	2	0	0	\N
40	1	2016-11-02 11:07:39.139049	2	0	0	\N
41	1	2016-11-02 11:08:23.713079	2	0	0	\N
42	1	2016-11-02 11:10:43.154301	2	0	0	\N
43	1	2016-11-02 11:14:08.952127	2	0	0	\N
44	1	2016-11-02 11:18:02.773808	2	0	0	\N
45	1	2016-11-02 11:19:23.617462	2	0	0	\N
46	1	2016-11-02 11:20:20.351235	2	0	0	\N
47	1	2016-11-02 12:33:28.164758	2	0	0	\N
48	1	2016-11-02 12:34:55.655479	2	0	0	\N
49	1	2016-11-02 12:35:29.138043	2	0	0	\N
50	1	2016-11-02 12:44:39.036011	2	0	0	\N
51	1	2016-11-02 12:45:39.82995	2	0	0	\N
52	1	2016-11-02 12:46:42.391177	2	2301	0.305999999999999994	\N
53	1	2016-11-02 12:47:13.535596	2	3632	0.482999999999999985	\N
54	1	2016-11-02 12:47:46.233266	2	7324	0.973999999999999977	\N
55	1	2016-11-02 12:48:37.467947	2	0	0	\N
56	1	2016-11-02 12:57:57.295051	2	0	0	\N
57	1	2016-11-03 15:11:06.532411	2	0	0	\N
58	1	2016-11-03 15:11:29.172799	2	0	0	\N
59	1	2016-11-03 15:34:19.97526	2	893	0.893000000000000016	\N
60	10	2015-11-12 14:07:43.454356	3	0	0	\N
61	10	2017-01-05 12:58:34.383618	3	11.8699999999999992	1.18700000000000006	\N
62	10	2017-01-05 12:59:07.778242	3	10.9299999999999997	1.09299999999999997	\N
63	10	2017-01-05 13:00:25.40741	3	12.4600000000000009	1.246	\N
64	10	2017-01-05 13:01:23.724899	3	9.41000000000000014	0.940999999999999948	\N
65	10	2017-01-05 13:03:13.219853	3	11.9100000000000001	1.19100000000000006	\N
66	10	2017-01-05 13:04:50.837073	3	38.4699999999999989	3.84699999999999998	\N
67	10	2017-01-05 13:06:36.038687	3	47.1599999999999966	4.71600000000000019	\N
68	10	2017-01-05 14:04:25.969985	3	0.900000000000000022	0.0899999999999999967	\N
69	10	2017-01-05 14:07:57.848121	3	3.70999999999999996	0.370999999999999996	\N
70	10	2017-01-05 14:10:16.186056	3	0	0	\N
71	10	2017-01-06 06:44:25.844668	3	40.1400000000000006	2.00700000000000012	\N
72	10	2017-01-06 06:46:32.394176	3	0	0	\N
73	10	2017-01-06 06:47:45.516348	3	18.4899999999999984	1.84899999999999998	\N
74	10	2017-01-06 06:48:08.133952	3	0	0	\N
75	10	2017-01-06 06:51:01.406972	3	20.3999999999999986	1.02000000000000002	\N
76	10	2017-01-06 06:51:50.778794	3	0	0	\N
77	10	2017-01-06 07:04:28.329403	3	23.8200000000000003	1.19100000000000006	\N
78	10	2017-01-06 07:04:54.916974	3	24.9400000000000013	1.24700000000000011	\N
79	10	2017-01-06 07:05:24.497802	3	35.1000000000000014	1.75499999999999989	\N
80	10	2017-01-06 07:05:50.362741	3	35.9799999999999969	1.79899999999999993	\N
81	10	2017-01-06 07:06:48.927092	3	25.2800000000000011	1.26400000000000001	\N
82	10	2017-01-06 07:07:13.354888	3	29.7600000000000016	1.48799999999999999	\N
83	10	2017-01-06 07:26:18.463403	3	107.280000000000001	1.3859999999999999	\N
84	10	2017-01-06 07:27:15.984357	3	170.819999999999993	2.20699999999999985	\N
85	10	2017-01-06 07:27:49.835323	3	48.1400000000000006	0.621999999999999997	\N
86	10	2017-01-06 07:28:26.416361	3	82.9000000000000057	1.07099999999999995	\N
87	10	2017-01-06 07:31:41.494437	3	161.77000000000001	2.08999999999999986	\N
88	10	2017-01-06 07:51:56.296904	3	81.9699999999999989	1.05899999999999994	\N
89	10	2017-01-06 07:55:23.435093	3	100.769999999999996	1.30200000000000005	\N
90	10	2017-01-06 08:06:15.495372	3	150.080000000000013	1.93900000000000006	\N
91	10	2017-01-06 08:09:48.750205	3	69.5100000000000051	0.89800000000000002	\N
92	10	2017-01-06 08:10:30.283332	3	99.5400000000000063	1.28600000000000003	\N
93	10	2017-01-06 08:11:04.345032	3	109.75	1.41799999999999993	\N
94	10	2017-01-06 08:11:37.311358	3	108.590000000000003	1.40300000000000002	\N
95	10	2017-01-06 08:12:10.806149	3	89.0100000000000051	1.14999999999999991	\N
96	7	2017-01-06 08:15:51.437544	4	28.6400000000000006	1.43199999999999994	\N
97	7	2017-01-06 08:16:32.91775	4	19.9400000000000013	0.996999999999999997	\N
98	10	2017-01-06 08:17:00.726756	3	60.1400000000000006	0.777000000000000024	\N
99	7	2017-01-06 08:18:25.344575	4	12.3800000000000008	0.618999999999999995	\N
100	7	2017-01-06 08:18:48.870359	4	25.9800000000000004	1.29899999999999993	\N
101	10	2017-01-06 08:19:11.705285	3	66.6400000000000006	0.860999999999999988	\N
102	10	2017-01-06 08:19:41.435964	3	175.159999999999997	2.2629999999999999	\N
103	7	2017-01-06 08:21:04.634703	4	28.0199999999999996	1.40100000000000002	\N
104	7	2017-01-06 08:22:51.217876	4	357.720000000000027	17.8859999999999992	\N
105	10	2017-01-06 08:23:18.068018	3	12.9299999999999997	0.16700000000000001	\N
106	10	2017-01-06 08:31:39.198383	3	180.110000000000014	2.32699999999999996	\N
107	10	2017-01-06 08:32:12.306788	3	130.110000000000014	1.68100000000000005	\N
108	10	2017-01-06 08:33:19.516185	3	500	6.45999999999999996	\N
109	7	2017-01-06 09:32:02.411729	4	36.7800000000000011	1.83899999999999997	\N
110	10	2017-01-06 09:42:46.010157	3	20.0500000000000007	0.259000000000000008	\N
111	10	2017-01-06 09:43:13.217063	3	85.5999999999999943	1.10600000000000009	\N
112	7	2017-01-06 09:43:48.861306	4	40	2	\N
113	7	2017-01-06 09:45:03.026339	4	28	1.39999999999999991	\N
114	10	2017-01-06 09:45:53.562494	3	154.800000000000011	2	\N
115	7	2017-01-06 09:47:42.118763	4	20	1	\N
116	7	2017-01-06 09:48:54.742376	4	33.5399999999999991	1.67700000000000005	\N
117	10	2017-01-06 09:50:09.911598	3	427.480000000000018	5.52299999999999969	\N
118	10	2017-01-06 09:53:10.157907	3	1161.07999999999993	15.0009999999999994	\N
119	7	2017-01-06 09:55:40.969939	4	250	12.5	\N
120	7	2017-01-06 09:57:10.426552	4	140	7	\N
121	10	2017-01-06 09:59:03.516381	3	220.050000000000011	2.84299999999999997	\N
122	10	2017-01-06 10:00:49.351042	3	502.870000000000005	6.49699999999999989	\N
123	10	2017-01-06 10:31:48.859821	3	84.4399999999999977	1.09099999999999997	\N
124	7	2017-01-06 10:40:11.756827	4	30.6000000000000014	1.53000000000000003	\N
125	10	2017-01-06 10:41:04.387322	3	96.4399999999999977	1.246	\N
126	7	2017-01-06 10:42:24.457591	4	79.5600000000000023	3.9780000000000002	\N
127	7	2017-01-06 10:43:55.51867	4	83.9200000000000017	4.19599999999999973	\N
128	10	2017-01-06 10:44:40.737778	3	284.519999999999982	3.67600000000000016	\N
129	10	2017-01-06 10:45:29.310566	3	108.590000000000003	1.40300000000000002	\N
130	7	2017-01-06 10:46:04.905468	4	75.8199999999999932	3.79099999999999993	\N
131	10	2017-01-06 10:46:26.68867	3	59.2899999999999991	0.766000000000000014	\N
132	7	2017-01-06 10:47:06.627314	4	68.6800000000000068	3.43400000000000016	\N
133	7	2017-01-06 10:47:49.070786	4	37.0600000000000023	1.85299999999999998	\N
134	10	2017-01-06 10:48:09.655169	3	78.7900000000000063	1.01800000000000002	\N
135	7	2017-01-06 10:48:46.390309	4	67.3199999999999932	3.3660000000000001	\N
136	7	2017-01-06 10:49:39.686876	4	88.5999999999999943	4.42999999999999972	\N
137	7	2017-01-06 11:08:53.906076	4	16.7399999999999984	0.836999999999999966	\N
138	10	2017-01-06 11:10:17.309721	3	86.6099999999999994	1.11899999999999999	\N
139	10	2017-01-06 11:11:05.087893	3	62.9299999999999997	0.812999999999999945	\N
140	7	2017-01-06 11:11:48.25655	4	100	5	\N
141	10	2017-01-06 11:12:14.434347	3	177.560000000000002	2.29400000000000004	\N
142	10	2017-01-06 11:12:39.750148	3	90.3299999999999983	1.16700000000000004	\N
143	7	2017-01-06 11:13:10.93953	4	52.9600000000000009	2.64800000000000013	\N
144	7	2017-01-06 11:13:46.517156	4	62.8999999999999986	3.14500000000000002	\N
145	7	2017-01-06 11:14:35.410194	4	37.7800000000000011	1.88900000000000001	\N
146	7	2017-01-06 11:41:24.875733	4	4.08000000000000007	0.203999999999999987	\N
147	7	2017-01-06 11:49:20.735879	4	25.0599999999999987	1.25299999999999989	\N
148	7	2017-01-06 13:09:15.514836	4	23	1.14999999999999991	\N
149	10	2017-01-06 13:10:20.28342	3	105.959999999999994	1.36899999999999999	\N
150	7	2017-01-06 13:32:59.025274	4	22.2600000000000016	1.11299999999999999	\N
151	7	2017-01-06 13:33:54.112029	4	11.0399999999999991	0.552000000000000046	\N
152	10	2017-01-06 13:34:42.948009	3	26.8599999999999994	0.346999999999999975	\N
153	7	2017-01-06 13:50:03.725412	4	2.16000000000000014	0.107999999999999999	\N
154	10	2017-01-06 13:50:49.78727	3	84.4399999999999977	1.09099999999999997	\N
155	7	2017-01-06 14:15:31.245639	4	3.75999999999999979	0.188	\N
156	7	2017-01-06 14:16:11.91463	4	3.66000000000000014	0.182999999999999996	\N
157	7	2017-01-06 14:23:27.535429	4	20	1	\N
158	7	2017-01-06 14:28:46.478345	4	30.0399999999999991	1.502	\N
159	7	2017-01-10 08:06:59.214764	4	6.05999999999999961	0.302999999999999992	1
160	10	2017-01-10 08:11:15.932415	3	17.4899999999999984	0.226000000000000006	2
161	10	2017-01-10 12:47:40.703716	3	83.75	1.08200000000000007	2
162	10	2017-01-10 13:09:11.633674	3	93.1099999999999994	1.20300000000000007	2
163	7	2017-01-11 08:55:27.682585	4	34.8400000000000034	1.74199999999999999	1
164	10	2017-01-11 08:55:52.502175	3	80.0300000000000011	1.03400000000000003	2
165	10	2017-01-11 08:57:01.476348	3	86.6899999999999977	1.12000000000000011	2
166	7	2017-01-11 08:57:54.695188	4	39.1000000000000014	1.95500000000000007	1
167	7	2017-01-11 09:01:25.207359	4	39.1799999999999997	1.95900000000000007	1
168	7	2017-01-11 09:03:05.778721	4	15.7400000000000002	0.787000000000000033	1
169	7	2017-01-11 09:06:29.795257	4	44.7199999999999989	2.23600000000000021	1
170	7	2017-01-11 09:08:20.07924	4	15.2200000000000006	0.76100000000000001	1
171	7	2017-01-11 09:09:57.361903	4	13.0199999999999996	0.651000000000000023	1
172	10	2017-01-11 09:10:29.471463	3	36.4600000000000009	0.470999999999999974	2
173	10	2017-01-11 09:11:27.396324	3	160.610000000000014	2.07500000000000018	2
174	10	2017-01-11 09:12:22.8196	3	81.3499999999999943	1.05099999999999993	2
175	10	2017-01-11 09:14:57.044432	3	122.140000000000001	1.57800000000000007	2
176	10	2017-01-11 09:15:43.17723	3	50.5399999999999991	0.653000000000000025	2
177	7	2017-01-11 09:16:22.649384	4	28.9200000000000017	1.44599999999999995	\N
178	7	2017-01-11 09:16:49.156482	4	38.0799999999999983	1.90399999999999991	\N
179	7	2017-01-11 09:20:36.156745	4	31.5599999999999987	1.57800000000000007	1
180	7	2017-01-11 09:27:03.572606	4	20.6600000000000001	1.03299999999999992	1
181	7	2017-01-11 09:30:33.624907	4	35.6599999999999966	1.78299999999999992	1
182	7	2017-01-11 09:32:09.315986	4	33.9600000000000009	1.69799999999999995	1
183	7	2017-01-11 09:32:56.866975	4	47.8200000000000003	2.39100000000000001	1
184	7	2017-01-11 09:34:02.262243	4	38.2199999999999989	1.91100000000000003	1
185	7	2017-01-11 09:34:35.908246	4	19.1799999999999997	0.958999999999999964	1
186	7	2017-01-11 09:35:55.280759	4	19.9400000000000013	0.996999999999999997	1
187	10	2017-01-11 09:36:36.856987	3	120.819999999999993	1.56099999999999994	2
188	10	2017-01-11 09:37:20.7724	3	102.629999999999995	1.32600000000000007	2
189	10	2017-01-11 09:38:18.43984	3	119.510000000000005	1.54400000000000004	2
190	10	2017-01-11 09:39:13.08767	3	153.560000000000002	1.98399999999999999	2
191	10	2017-01-11 09:40:26.11355	3	45.740000000000002	0.59099999999999997	2
192	10	2017-01-11 09:42:12.652065	3	121.670000000000002	1.57200000000000006	2
193	10	2017-01-11 09:43:20.611033	3	103.950000000000003	1.34299999999999997	2
194	7	2017-01-11 09:44:08.696613	4	35.8999999999999986	1.79499999999999993	1
195	7	2017-01-11 09:44:59.747332	4	10.5	0.525000000000000022	1
196	7	2017-01-11 09:45:57.109275	4	40	2	1
197	7	2017-01-11 09:46:30.836186	4	2.60000000000000009	0.130000000000000004	1
198	7	2017-01-11 09:48:40.590827	4	24.3200000000000003	1.21599999999999997	1
199	10	2017-01-11 09:49:18.813472	3	117.650000000000006	1.52000000000000002	2
200	10	2017-01-11 09:51:02.474021	3	79.1800000000000068	1.02299999999999991	2
201	7	2017-01-11 09:59:45.225836	4	41.6599999999999966	2.08300000000000018	1
202	7	2017-01-12 07:10:00.105662	4	118.959999999999994	1.53699999999999992	1
203	7	2017-01-12 07:13:16.671303	4	59.6000000000000014	0.770000000000000018	1
204	7	2017-01-12 07:21:08.1493	4	6.73000000000000043	0.086999999999999994	1
205	10	2017-01-12 07:21:37.057085	3	43.1899999999999977	0.558000000000000052	2
206	7	2017-01-12 08:11:13.982407	4	22.9400000000000013	1.14700000000000002	1
207	10	2017-01-12 08:12:06.109812	3	92.2600000000000051	1.19199999999999995	2
208	7	2017-01-12 08:13:05.090278	4	19.2600000000000016	0.962999999999999967	\N
209	10	2017-01-12 08:13:57.785682	3	167.419999999999987	2.16299999999999981	2
210	7	2017-01-12 09:06:13.129742	4	28.8599999999999994	1.44300000000000006	\N
211	10	2017-01-12 09:06:50.172351	3	28.1000000000000014	0.362999999999999989	2
212	7	2017-01-12 09:07:28.452728	4	33.1799999999999997	1.65900000000000003	\N
213	7	2017-01-12 09:08:18.70024	4	37.759999999999998	1.8879999999999999	\N
214	10	2017-01-12 09:09:04.825135	3	152.090000000000003	1.96500000000000008	2
215	7	2017-01-12 09:16:23.626535	4	21.6600000000000001	1.08299999999999996	\N
216	10	2017-01-12 09:16:56.369911	3	106.269999999999996	1.373	2
217	7	2017-01-12 12:06:16.569446	4	21.2199999999999989	1.06099999999999994	\N
218	10	2017-01-12 12:06:44.039264	3	208.97999999999999	2.70000000000000018	2
219	7	2015-11-13 06:49:35.067434	4	20	1	\N
220	7	2015-11-13 10:59:01.2154	4	10.7200000000000006	0.536000000000000032	1
221	10	2015-11-13 10:59:53.511852	3	95.5100000000000051	1.23399999999999999	2
222	7	2015-11-12 14:56:29.014208	4	12	0.599999999999999978	1
223	10	2015-11-12 14:57:01.538652	3	92.8799999999999955	1.19999999999999996	2
\.


--
-- Data for Name: venta_detalle; Type: TABLE DATA; Schema: public; Owner: postgres
--

COPY venta_detalle (fk_id, placa, km, fk_id_producto, precio, cara, manguera, fk_id_corte, dinero, volumen, idvehiculo) FROM stdin;
1	BATS456	0000007	1	7520	1	1	19	23026	3.06199999999999983	\N
2	ACG226	0000080	0	0	1	0	19	0	0	\N
3	ACG226	0000000	2	1000	1	2	19	335	0.33500000000000002	\N
3	ACG226	0000000	2	1000	1	2	19	335	0.33500000000000002	\N
5	ACG226	0000000	2	0	1	2	19	0	0	\N
6	ACG226	0000000	2	0	1	2	19	0	0	\N
7	ACG226	0000000	2	0	1	2	19	0	0	\N
8	ACG226	0000000	2	1000	1	2	19	283	0.282999999999999974	\N
9	ACG226	0000000	2	1000	1	2	19	283	0.282999999999999974	\N
10	ACG226	0000000	2	1000	1	2	19	283	0.282999999999999974	\N
11	ACG226	0000000	2	1000	1	2	19	167	0.16700000000000001	\N
12	ACG226	0000000	2	1000	1	2	19	167	0.16700000000000001	\N
13	ACG226	0000000	2	1000	1	2	19	167	0.16700000000000001	\N
14	ACG226	0000000	2	1000	1	2	19	167	0.16700000000000001	\N
15	ACG226	0000000	2	1000	1	2	19	167	0.16700000000000001	\N
16	ACG226	0000000	2	1000	1	2	19	167	0.16700000000000001	\N
17	ACG226	0000000	2	1000	1	2	19	167	0.16700000000000001	\N
18	ACG226	0000000	2	1000	1	2	19	167	0.16700000000000001	\N
19	ACG226	0000000	2	1000	1	2	19	167	0.16700000000000001	\N
20	ACG226	0000000	2	1000	1	2	19	264	0.264000000000000012	\N
21	ACG226	0000000	2	1000	1	2	19	796	0.796000000000000041	\N
22	BUZZ123	0000851	2	0	1	2	19	0	0	\N
23	ACG226	0000000	2	1000	1	2	19	884	0.884000000000000008	\N
24	BUZZ123	0000000	2	1000	1	2	19	5.17999999999999972	0.518000000000000016	\N
25	BATS456	0000000	2	7520	1	2	19	9889	1.31499999999999995	\N
26	BUZZ123	0000000	1	630	1	1	19	3.52000000000000002	0.559000000000000052	\N
29	BUZZ123	0000000	1	7520	1	1	19	85.9500000000000028	1.14300000000000002	\N
31	BATS456	0000009	2	7520	1	2	19	3888	0.517000000000000015	\N
32	BATS456	0000000	2	7520	2	2	19	19424	2.58300000000000018	\N
33	BATS456	0000000	1	7520	1	1	19	2918	0.388000000000000012	\N
34	BATS456	0000000	1	7520	1	1	19	2617	0.347999999999999976	\N
35	BATS456	0000000	3	7520	2	3	19	9144	1.21599999999999997	\N
36	BATS456	0000098	1	7520	1	1	19	2474	0.329000000000000015	\N
37	BATS456	0000098	3	7520	1	3	19	6196	0.823999999999999955	\N
38	BATS456	0000000	3	0	1	3	19	0	0	\N
39	BATS456	0000000	3	0	1	3	19	0	0	\N
40	BATS456	0000000	3	0	1	3	19	0	0	\N
41	BATS456	0000000	3	0	1	3	19	0	0	\N
42	BATS456	0007854	2	0	1	2	19	0	0	\N
43	BATS456	0000000	2	0	1	2	19	0	0	\N
44	BATS456	0000009	2	0	1	2	19	0	0	\N
45	BATS456	0000009	2	0	1	2	19	0	0	\N
46	BATS456	0000000	2	0	1	2	19	0	0	\N
47	BATS456	0000000	2	0	1	2	19	0	0	\N
48	BATS456	0000000	1	0	1	1	19	0	0	\N
49	BATS456	0000000	1	0	1	1	19	0	0	\N
50	BATS456	0000000	2	0	1	2	19	0	0	\N
51	BATS456	0000000	2	0	1	2	19	0	0	\N
52	BATS456	0000000	1	7520	1	1	19	2301	0.305999999999999994	\N
53	BATS456	0000000	2	7520	1	2	19	3632	0.482999999999999985	\N
54	BATS456	0000000	3	7520	1	3	19	7324	0.973999999999999977	\N
55	BATS456	0000000	2	0	2	2	19	0	0	\N
56	BATS456	0000000	3	0	1	3	19	0	0	\N
57	123	0000000	2	0	1	2	19	0	0	\N
58	123	0000000	2	0	1	2	19	0	0	\N
59	123	0000000	2	1000	1	2	19	893	0.893000000000000016	\N
60	NOB415	0000078	0	0	1	0	19	0	0	1234
61	NOB415	0000000	1	10	1	1	19	11.8699999999999992	1.18700000000000006	1234
62	NOB415	0084441	1	10	1	1	19	10.9299999999999997	1.09299999999999997	1234
63	NOB415	0000000	1	10	1	1	19	12.4600000000000009	1.246	1234
64	NOB415	0000000	1	10	1	1	19	9.41000000000000014	0.940999999999999948	1234
65	NOB415	0000000	1	10	1	1	19	11.9100000000000001	1.19100000000000006	1234
66	NOB415	0000855	1	10	1	1	19	38.4699999999999989	3.84699999999999998	1234
67	NOB415	0000000	1	10	1	1	19	47.1599999999999966	4.71600000000000019	1234
68	NOB415	0000000	1	10	1	1	19	0.900000000000000022	0.0899999999999999967	1234
69	NOB415	0000084	1	10	1	1	19	3.70999999999999996	0.370999999999999996	1234
70	NOB415	0008745	1	0	1	1	19	0	0	1234
71	NOB415	0000000	1	20	1	1	19	40.1400000000000006	2.00700000000000012	1234
72	NOB415	0000000	1	0	1	1	19	0	0	1234
73	NOB415	0000000	1	10	1	1	19	18.4899999999999984	1.84899999999999998	1234
74	NOB415	0000000	1	0	1	1	19	0	0	1234
75	NOB415	0000000	1	20	1	1	19	20.3999999999999986	1.02000000000000002	1234
76	NOB415	0000000	1	0	1	1	19	0	0	1234
77	NOB415	0009631	1	20	1	1	19	23.8200000000000003	1.19100000000000006	1234
78	NOB415	0000000	1	20	1	1	19	24.9400000000000013	1.24700000000000011	1234
79	NOB415	0000000	1	20	1	1	19	35.1000000000000014	1.75499999999999989	1234
80	NOB415	0000000	1	20	1	1	19	35.9799999999999969	1.79899999999999993	1234
81	NOB415	0000000	1	20	1	1	19	25.2800000000000011	1.26400000000000001	1234
82	NOB415	0000000	1	20	1	1	19	29.7600000000000016	1.48799999999999999	1234
83	NOB415	0000000	2	77.4000000000000057	2	2	19	107.280000000000001	1.3859999999999999	1234
84	NOB415	0000000	2	77.4000000000000057	2	2	19	170.819999999999993	2.20699999999999985	1234
85	NOB415	0000000	2	77.4000000000000057	2	2	19	48.1400000000000006	0.621999999999999997	1234
86	NOB415	0000000	2	77.4000000000000057	2	2	19	82.9000000000000057	1.07099999999999995	1234
87	NOB415	0000000	2	77.4000000000000057	2	2	19	161.77000000000001	2.08999999999999986	1234
88	NOB415	0000000	2	77.4000000000000057	2	2	19	81.9699999999999989	1.05899999999999994	\N
89	NOB415	0009856	2	77.4000000000000057	2	2	19	100.769999999999996	1.30200000000000005	\N
90	NOB415	0000800	2	77.4000000000000057	2	2	19	150.080000000000013	1.93900000000000006	\N
91	NOB415	0012358	2	77.4000000000000057	2	2	19	69.5100000000000051	0.89800000000000002	\N
92	NOB415	0000585	2	77.4000000000000057	2	2	19	99.5400000000000063	1.28600000000000003	\N
93	NOB415	0000854	2	77.4000000000000057	2	2	19	109.75	1.41799999999999993	\N
94	NOB415	0000854	2	77.4000000000000057	2	2	19	108.590000000000003	1.40300000000000002	\N
95	NOB415	0000584	2	77.4000000000000057	2	2	19	89.0100000000000051	1.14999999999999991	\N
96	RJI806	0009856	1	20	1	1	19	28.6400000000000006	1.43199999999999994	7890
97	RJI806	0008754	1	20	1	1	19	19.9400000000000013	0.996999999999999997	\N
98	NOB415	0000952	2	77.4000000000000057	2	2	19	60.1400000000000006	0.777000000000000024	1234
99	RJI806	0000000	1	20	1	1	19	12.3800000000000008	0.618999999999999995	7890
100	RJI806	0000000	1	20	1	1	19	25.9800000000000004	1.29899999999999993	7890
101	NOB415	0000000	2	77.4000000000000057	2	2	19	66.6400000000000006	0.860999999999999988	1234
102	NOB415	0000000	2	77.4000000000000057	2	2	19	175.159999999999997	2.2629999999999999	1234
103	RJI806	0000000	1	20	1	1	19	28.0199999999999996	1.40100000000000002	7890
104	RJI806	0000000	1	20	1	1	19	357.720000000000027	17.8859999999999992	\N
105	NOB415	0000000	2	77.4000000000000057	2	2	19	12.9299999999999997	0.16700000000000001	1234
106	NOB415	0000852	2	77.4000000000000057	2	2	19	180.110000000000014	2.32699999999999996	\N
107	NOB415	0000855	2	77.4000000000000057	2	2	19	130.110000000000014	1.68100000000000005	\N
108	NOB415	0000554	2	77.4000000000000057	2	2	19	500	6.45999999999999996	\N
109	RJI806	0000000	1	20	1	1	19	36.7800000000000011	1.83899999999999997	7890
110	NOB415	0000000	2	77.4000000000000057	2	2	19	20.0500000000000007	0.259000000000000008	1234
111	NOB415	0000000	2	77.4000000000000057	2	2	19	85.5999999999999943	1.10600000000000009	1234
112	RJI806	0000000	1	20	1	1	19	40	2	7890
113	RJI806	0000000	1	20	1	1	19	28	1.39999999999999991	7890
114	NOB415	0000000	2	77.4000000000000057	2	2	19	154.800000000000011	2	1234
115	RJI806	0000075	1	20	1	1	19	20	1	7890
116	RJI806	0004455	1	20	1	1	19	33.5399999999999991	1.67700000000000005	7890
117	NOB415	0000000	2	77.4000000000000057	2	2	19	427.480000000000018	5.52299999999999969	1234
118	NOB415	0000005	2	77.4000000000000057	2	2	19	1161.07999999999993	15.0009999999999994	1234
119	RJI806	0000000	1	20	1	1	19	250	12.5	7890
120	RJI806	0000000	1	20	1	1	19	140	7	7890
121	NOB415	0000000	2	77.4000000000000057	2	2	19	220.050000000000011	2.84299999999999997	1234
122	NOB415	0000000	2	77.4000000000000057	2	2	19	502.870000000000005	6.49699999999999989	\N
123	NOB415	0000000	2	77.4000000000000057	2	2	19	84.4399999999999977	1.09099999999999997	1234
124	RJI806	0000000	1	20	1	1	19	30.6000000000000014	1.53000000000000003	7890
125	NOB415	0000000	2	77.4000000000000057	2	2	19	96.4399999999999977	1.246	1234
126	RJI806	0000000	1	20	1	1	19	79.5600000000000023	3.9780000000000002	7890
127	RJI806	0000000	1	20	1	1	19	83.9200000000000017	4.19599999999999973	7890
128	NOB415	0456321	2	77.4000000000000057	2	2	19	284.519999999999982	3.67600000000000016	1234
129	NOB415	0000000	2	77.4000000000000057	2	2	19	108.590000000000003	1.40300000000000002	\N
130	RJI806	0000000	1	20	1	1	19	75.8199999999999932	3.79099999999999993	7890
131	NOB415	0000000	2	77.4000000000000057	2	2	19	59.2899999999999991	0.766000000000000014	\N
132	RJI806	0000000	1	20	1	1	19	68.6800000000000068	3.43400000000000016	7890
133	RJI806	0000000	1	20	1	1	19	37.0600000000000023	1.85299999999999998	7890
134	NOB415	0000000	2	77.4000000000000057	2	2	19	78.7900000000000063	1.01800000000000002	1234
135	RJI806	0000000	1	20	1	1	19	67.3199999999999932	3.3660000000000001	7890
136	RJI806	0000000	1	20	1	1	19	88.5999999999999943	4.42999999999999972	\N
137	RJI806	0000000	1	20	1	1	19	16.7399999999999984	0.836999999999999966	7890
138	NOB415	0000000	2	77.4000000000000057	2	2	19	86.6099999999999994	1.11899999999999999	1234
139	NOB415	0000000	2	77.4000000000000057	2	2	19	62.9299999999999997	0.812999999999999945	1234
140	RJI806	0000000	1	20	1	1	19	100	5	7890
141	NOB415	0000000	2	77.4000000000000057	2	2	19	177.560000000000002	2.29400000000000004	1234
142	NOB415	0000000	2	77.4000000000000057	2	2	19	90.3299999999999983	1.16700000000000004	1234
143	RJI806	0000000	1	20	1	1	19	52.9600000000000009	2.64800000000000013	7890
144	RJI806	0000000	1	20	1	1	19	62.8999999999999986	3.14500000000000002	7890
145	RJI806	0000000	1	20	1	1	19	37.7800000000000011	1.88900000000000001	7890
146	RJI806	0000000	1	20	1	1	19	4.08000000000000007	0.203999999999999987	7890
147	RJI806	0000000	1	20	1	1	19	25.0599999999999987	1.25299999999999989	7890
148	RJI806	0000000	1	20	1	1	19	23	1.14999999999999991	7890
149	NOB415	0000000	2	77.4000000000000057	2	2	19	105.959999999999994	1.36899999999999999	1234
150	RJI806	0000856	1	20	1	1	19	22.2600000000000016	1.11299999999999999	7890
151	RJI806	0008754	1	20	1	1	19	11.0399999999999991	0.552000000000000046	7890
152	NOB415	0000000	2	77.4000000000000057	2	2	19	26.8599999999999994	0.346999999999999975	1234
153	RJI806	0000000	1	20	1	1	19	2.16000000000000014	0.107999999999999999	7890
154	NOB415	0000000	2	77.4000000000000057	2	2	19	84.4399999999999977	1.09099999999999997	1234
155	RJI806	0000098	1	20	1	1	19	3.75999999999999979	0.188	7890
156	RJI806	0000000	1	20	1	1	19	3.66000000000000014	0.182999999999999996	7890
157	RJI806	0000000	1	20	1	1	19	20	1	7890
158	RJI806	0000000	1	20	1	1	19	30.0399999999999991	1.502	7890
159	RJI806	0000000	1	20	1	1	20	6.05999999999999961	0.302999999999999992	7890
160	NOB415	0000000	2	77.4000000000000057	2	2	20	17.4899999999999984	0.226000000000000006	1234
161	NOB415	0000000	2	77.4000000000000057	2	2	25	83.75	1.08200000000000007	1234
162	NOB415	0000000	2	77.4000000000000057	2	2	27	93.1099999999999994	1.20300000000000007	1234
163	RJI806	0000000	1	20	1	1	38	34.8400000000000034	1.74199999999999999	7890
164	NOB415	0000000	2	77.4000000000000057	2	2	38	80.0300000000000011	1.03400000000000003	1234
165	NOB415	0000000	2	77.4000000000000057	2	2	38	86.6899999999999977	1.12000000000000011	1234
166	RJI806	0000000	1	20	1	1	38	39.1000000000000014	1.95500000000000007	7890
167	RJI806	0000000	1	20	1	1	38	39.1799999999999997	1.95900000000000007	7890
168	RJI806	0000000	1	20	1	1	38	15.7400000000000002	0.787000000000000033	7890
169	RJI806	0000000	1	20	1	1	38	44.7199999999999989	2.23600000000000021	7890
170	RJI806	0000000	1	20	1	1	38	15.2200000000000006	0.76100000000000001	7890
171	RJI806	0000000	1	20	1	1	38	13.0199999999999996	0.651000000000000023	7890
172	NOB415	0000000	2	77.4000000000000057	2	2	38	36.4600000000000009	0.470999999999999974	1234
173	NOB415	0000000	2	77.4000000000000057	2	2	38	160.610000000000014	2.07500000000000018	1234
174	NOB415	0000000	2	77.4000000000000057	2	2	38	81.3499999999999943	1.05099999999999993	1234
175	NOB415	0000000	2	77.4000000000000057	2	2	38	122.140000000000001	1.57800000000000007	1234
176	NOB415	0000000	2	77.4000000000000057	2	2	38	50.5399999999999991	0.653000000000000025	1234
177	RJI806	0000000	1	20	1	1	38	28.9200000000000017	1.44599999999999995	\N
178	RJI806	0000000	1	20	1	1	38	38.0799999999999983	1.90399999999999991	\N
179	RJI806	0000000	1	20	1	1	38	31.5599999999999987	1.57800000000000007	7890
180	RJI806	0000000	1	20	1	1	38	20.6600000000000001	1.03299999999999992	7890
181	RJI806	0000000	1	20	1	1	38	35.6599999999999966	1.78299999999999992	7890
182	RJI806	0000000	1	20	1	1	38	33.9600000000000009	1.69799999999999995	7890
183	RJI806	0000000	1	20	1	1	38	47.8200000000000003	2.39100000000000001	7890
184	RJI806	0000000	1	20	1	1	38	38.2199999999999989	1.91100000000000003	7890
185	RJI806	0000000	1	20	1	1	38	19.1799999999999997	0.958999999999999964	7890
186	RJI806	0000000	1	20	1	1	38	19.9400000000000013	0.996999999999999997	7890
187	NOB415	0000000	2	77.4000000000000057	2	2	38	120.819999999999993	1.56099999999999994	1234
188	NOB415	0000000	2	77.4000000000000057	2	2	38	102.629999999999995	1.32600000000000007	1234
189	NOB415	0000000	2	77.4000000000000057	2	2	38	119.510000000000005	1.54400000000000004	1234
190	NOB415	0000000	2	77.4000000000000057	2	2	38	153.560000000000002	1.98399999999999999	1234
191	NOB415	0000000	2	77.4000000000000057	2	2	38	45.740000000000002	0.59099999999999997	1234
192	NOB415	0000000	2	77.4000000000000057	2	2	38	121.670000000000002	1.57200000000000006	1234
193	NOB415	0000000	2	77.4000000000000057	2	2	38	103.950000000000003	1.34299999999999997	1234
194	RJI806	0000000	1	20	1	1	38	35.8999999999999986	1.79499999999999993	7890
195	RJI806	0000000	1	20	1	1	38	10.5	0.525000000000000022	7890
196	RJI806	0000000	1	20	1	1	38	40	2	7890
197	RJI806	0000000	1	20	1	1	38	2.60000000000000009	0.130000000000000004	7890
198	RJI806	0000000	1	20	1	1	38	24.3200000000000003	1.21599999999999997	7890
199	NOB415	0000000	2	77.4000000000000057	2	2	38	117.650000000000006	1.52000000000000002	1234
200	NOB415	0000000	2	77.4000000000000057	2	2	38	79.1800000000000068	1.02299999999999991	1234
201	RJI806	0000000	1	20	1	1	40	41.6599999999999966	2.08300000000000018	7890
202	RJI806	0000000	1	77.4000000000000057	1	1	40	118.959999999999994	1.53699999999999992	7890
203	RJI806	0000000	1	77.4000000000000057	1	1	40	59.6000000000000014	0.770000000000000018	7890
204	RJI806	0000000	1	77.4000000000000057	1	1	41	6.73000000000000043	0.086999999999999994	7890
205	NOB415	0000000	2	77.4000000000000057	2	2	41	43.1899999999999977	0.558000000000000052	1234
206	RJI806	0000000	1	20	1	1	49	22.9400000000000013	1.14700000000000002	7890
207	NOB415	0000000	2	77.4000000000000057	2	2	49	92.2600000000000051	1.19199999999999995	1234
208	RJI806	0000000	1	20	1	1	49	19.2600000000000016	0.962999999999999967	\N
209	NOB415	0000000	2	77.4000000000000057	2	2	49	167.419999999999987	2.16299999999999981	1234
210	RJI806	0000000	1	20	1	1	49	28.8599999999999994	1.44300000000000006	\N
211	NOB415	0000000	2	77.4000000000000057	2	2	49	28.1000000000000014	0.362999999999999989	1234
212	RJI806	0000000	1	20	1	1	49	33.1799999999999997	1.65900000000000003	\N
213	RJI806	0000000	1	20	1	1	49	37.759999999999998	1.8879999999999999	\N
214	NOB415	0000000	2	77.4000000000000057	2	2	49	152.090000000000003	1.96500000000000008	1234
215	RJI806	0000000	1	20	1	1	49	21.6600000000000001	1.08299999999999996	\N
216	NOB415	0000000	2	77.4000000000000057	2	2	49	106.269999999999996	1.373	1234
217	RJI806	0000000	1	20	1	1	51	21.2199999999999989	1.06099999999999994	\N
218	NOB415	0000000	2	77.4000000000000057	2	2	51	208.97999999999999	2.70000000000000018	1234
219	RJI806	0000000	1	20	1	1	51	20	1	\N
220	RJI806	0000000	1	20	1	1	53	10.7200000000000006	0.536000000000000032	\N
221	NOB415	0000000	2	77.4000000000000057	2	2	53	95.5100000000000051	1.23399999999999999	1234
222	RJI806	0000000	1	20	1	1	57	12	0.599999999999999978	\N
223	NOB415	0001425	2	77.4000000000000057	2	2	57	92.8799999999999955	1.19999999999999996	1234
\.


--
-- Name: venta_detalle_fk_id_corte_seq; Type: SEQUENCE SET; Schema: public; Owner: postgres
--

SELECT pg_catalog.setval('venta_detalle_fk_id_corte_seq', 1, false);


--
-- Name: venta_detalle_fk_id_seq; Type: SEQUENCE SET; Schema: public; Owner: postgres
--

SELECT pg_catalog.setval('venta_detalle_fk_id_seq', 1, false);


--
-- Name: venta_id_cliente_seq; Type: SEQUENCE SET; Schema: public; Owner: postgres
--

SELECT pg_catalog.setval('venta_id_cliente_seq', 1, false);


--
-- Name: venta_id_seq; Type: SEQUENCE SET; Schema: public; Owner: postgres
--

SELECT pg_catalog.setval('venta_id_seq', 223, true);


--
-- Name: corte_pkey; Type: CONSTRAINT; Schema: public; Owner: postgres; Tablespace: 
--

ALTER TABLE ONLY corte
    ADD CONSTRAINT corte_pkey PRIMARY KEY (pk_id_corte);


--
-- Name: cuenta_pkey; Type: CONSTRAINT; Schema: public; Owner: postgres; Tablespace: 
--

ALTER TABLE ONLY cuenta
    ADD CONSTRAINT cuenta_pkey PRIMARY KEY (id_cliente);


--
-- Name: identificadores_ibutton_key; Type: CONSTRAINT; Schema: public; Owner: postgres; Tablespace: 
--

ALTER TABLE ONLY identificadores
    ADD CONSTRAINT identificadores_ibutton_key UNIQUE (ibutton);


--
-- Name: identificadores_pk_idibutton_key; Type: CONSTRAINT; Schema: public; Owner: postgres; Tablespace: 
--

ALTER TABLE ONLY identificadores
    ADD CONSTRAINT identificadores_pk_idibutton_key UNIQUE (pk_idibutton);


--
-- Name: operario_pkey; Type: CONSTRAINT; Schema: public; Owner: postgres; Tablespace: 
--

ALTER TABLE ONLY operario
    ADD CONSTRAINT operario_pkey PRIMARY KEY (pk_idoperario);


--
-- Name: producto_pkey; Type: CONSTRAINT; Schema: public; Owner: postgres; Tablespace: 
--

ALTER TABLE ONLY producto
    ADD CONSTRAINT producto_pkey PRIMARY KEY (id_producto);


--
-- Name: restricciones_id_vehiculo_key; Type: CONSTRAINT; Schema: public; Owner: postgres; Tablespace: 
--

ALTER TABLE ONLY restricciones
    ADD CONSTRAINT restricciones_id_vehiculo_key UNIQUE (id_vehiculo);


--
-- Name: transaccion_pkey; Type: CONSTRAINT; Schema: public; Owner: postgres; Tablespace: 
--

ALTER TABLE ONLY transaccion
    ADD CONSTRAINT transaccion_pkey PRIMARY KEY (tipo);


--
-- Name: usuario_pkey; Type: CONSTRAINT; Schema: public; Owner: postgres; Tablespace: 
--

ALTER TABLE ONLY usuario
    ADD CONSTRAINT usuario_pkey PRIMARY KEY (pk_id_user);


--
-- Name: vehiculo_idvehiculo_key; Type: CONSTRAINT; Schema: public; Owner: postgres; Tablespace: 
--

ALTER TABLE ONLY vehiculo
    ADD CONSTRAINT vehiculo_idvehiculo_key UNIQUE (idvehiculo);


--
-- Name: vehiculo_pkey; Type: CONSTRAINT; Schema: public; Owner: postgres; Tablespace: 
--

ALTER TABLE ONLY vehiculo
    ADD CONSTRAINT vehiculo_pkey PRIMARY KEY (id_vehiculo);


--
-- Name: vehiculo_serial_key; Type: CONSTRAINT; Schema: public; Owner: postgres; Tablespace: 
--

ALTER TABLE ONLY vehiculo
    ADD CONSTRAINT vehiculo_serial_key UNIQUE (serial);


--
-- Name: venta_pkey; Type: CONSTRAINT; Schema: public; Owner: postgres; Tablespace: 
--

ALTER TABLE ONLY venta
    ADD CONSTRAINT venta_pkey PRIMARY KEY (id);


--
-- Name: cuenta_tipo_transaccion_fkey; Type: FK CONSTRAINT; Schema: public; Owner: postgres
--

ALTER TABLE ONLY cuenta
    ADD CONSTRAINT cuenta_tipo_transaccion_fkey FOREIGN KEY (tipo_transaccion) REFERENCES transaccion(tipo);


--
-- Name: precios_fk_id_producto_fkey; Type: FK CONSTRAINT; Schema: public; Owner: postgres
--

ALTER TABLE ONLY precios
    ADD CONSTRAINT precios_fk_id_producto_fkey FOREIGN KEY (fk_id_producto) REFERENCES producto(id_producto);


--
-- Name: restricciones_id_producto_fkey; Type: FK CONSTRAINT; Schema: public; Owner: postgres
--

ALTER TABLE ONLY restricciones
    ADD CONSTRAINT restricciones_id_producto_fkey FOREIGN KEY (id_producto) REFERENCES producto(id_producto);


--
-- Name: restricciones_id_vehiculo_fkey; Type: FK CONSTRAINT; Schema: public; Owner: postgres
--

ALTER TABLE ONLY restricciones
    ADD CONSTRAINT restricciones_id_vehiculo_fkey FOREIGN KEY (id_vehiculo) REFERENCES vehiculo(id_vehiculo);


--
-- Name: vehiculo_id_cliente_fkey; Type: FK CONSTRAINT; Schema: public; Owner: postgres
--

ALTER TABLE ONLY vehiculo
    ADD CONSTRAINT vehiculo_id_cliente_fkey FOREIGN KEY (id_cliente) REFERENCES cuenta(id_cliente);


--
-- Name: venta_detalle_fk_id_corte_fkey; Type: FK CONSTRAINT; Schema: public; Owner: postgres
--

ALTER TABLE ONLY venta_detalle
    ADD CONSTRAINT venta_detalle_fk_id_corte_fkey FOREIGN KEY (fk_id_corte) REFERENCES corte(pk_id_corte);


--
-- Name: venta_detalle_fk_id_fkey; Type: FK CONSTRAINT; Schema: public; Owner: postgres
--

ALTER TABLE ONLY venta_detalle
    ADD CONSTRAINT venta_detalle_fk_id_fkey FOREIGN KEY (fk_id) REFERENCES venta(id);


--
-- Name: venta_detalle_fk_id_producto_fkey; Type: FK CONSTRAINT; Schema: public; Owner: postgres
--

ALTER TABLE ONLY venta_detalle
    ADD CONSTRAINT venta_detalle_fk_id_producto_fkey FOREIGN KEY (fk_id_producto) REFERENCES producto(id_producto);


--
-- Name: venta_id_cliente_fkey; Type: FK CONSTRAINT; Schema: public; Owner: postgres
--

ALTER TABLE ONLY venta
    ADD CONSTRAINT venta_id_cliente_fkey FOREIGN KEY (id_cliente) REFERENCES cuenta(id_cliente);


--
-- Name: venta_tipo_transaccion_fkey; Type: FK CONSTRAINT; Schema: public; Owner: postgres
--

ALTER TABLE ONLY venta
    ADD CONSTRAINT venta_tipo_transaccion_fkey FOREIGN KEY (tipo_transaccion) REFERENCES transaccion(tipo);


--
-- Name: public; Type: ACL; Schema: -; Owner: postgres
--

REVOKE ALL ON SCHEMA public FROM PUBLIC;
REVOKE ALL ON SCHEMA public FROM postgres;
GRANT ALL ON SCHEMA public TO postgres;


--
-- Name: corte; Type: ACL; Schema: public; Owner: postgres
--

REVOKE ALL ON TABLE corte FROM PUBLIC;
REVOKE ALL ON TABLE corte FROM postgres;
GRANT ALL ON TABLE corte TO postgres;


--
-- Name: corte_pk_id_corte_seq; Type: ACL; Schema: public; Owner: postgres
--

REVOKE ALL ON SEQUENCE corte_pk_id_corte_seq FROM PUBLIC;
REVOKE ALL ON SEQUENCE corte_pk_id_corte_seq FROM postgres;
GRANT ALL ON SEQUENCE corte_pk_id_corte_seq TO postgres;


--
-- Name: cuenta; Type: ACL; Schema: public; Owner: postgres
--

REVOKE ALL ON TABLE cuenta FROM PUBLIC;
REVOKE ALL ON TABLE cuenta FROM postgres;
GRANT ALL ON TABLE cuenta TO postgres;


--
-- Name: cuenta_id_cliente_seq; Type: ACL; Schema: public; Owner: postgres
--

REVOKE ALL ON SEQUENCE cuenta_id_cliente_seq FROM PUBLIC;
REVOKE ALL ON SEQUENCE cuenta_id_cliente_seq FROM postgres;
GRANT ALL ON SEQUENCE cuenta_id_cliente_seq TO postgres;


--
-- Name: producto; Type: ACL; Schema: public; Owner: postgres
--

REVOKE ALL ON TABLE producto FROM PUBLIC;
REVOKE ALL ON TABLE producto FROM postgres;
GRANT ALL ON TABLE producto TO postgres;


--
-- Name: recibo; Type: ACL; Schema: public; Owner: postgres
--

REVOKE ALL ON TABLE recibo FROM PUBLIC;
REVOKE ALL ON TABLE recibo FROM postgres;
GRANT ALL ON TABLE recibo TO postgres;


--
-- Name: restricciones; Type: ACL; Schema: public; Owner: postgres
--

REVOKE ALL ON TABLE restricciones FROM PUBLIC;
REVOKE ALL ON TABLE restricciones FROM postgres;
GRANT ALL ON TABLE restricciones TO postgres;


--
-- Name: restricciones_id_vehiculo_seq; Type: ACL; Schema: public; Owner: postgres
--

REVOKE ALL ON SEQUENCE restricciones_id_vehiculo_seq FROM PUBLIC;
REVOKE ALL ON SEQUENCE restricciones_id_vehiculo_seq FROM postgres;
GRANT ALL ON SEQUENCE restricciones_id_vehiculo_seq TO postgres;


--
-- Name: transaccion; Type: ACL; Schema: public; Owner: postgres
--

REVOKE ALL ON TABLE transaccion FROM PUBLIC;
REVOKE ALL ON TABLE transaccion FROM postgres;
GRANT ALL ON TABLE transaccion TO postgres;


--
-- Name: usuario; Type: ACL; Schema: public; Owner: postgres
--

REVOKE ALL ON TABLE usuario FROM PUBLIC;
REVOKE ALL ON TABLE usuario FROM postgres;
GRANT ALL ON TABLE usuario TO postgres;


--
-- Name: usuario_pk_id_user_seq; Type: ACL; Schema: public; Owner: postgres
--

REVOKE ALL ON SEQUENCE usuario_pk_id_user_seq FROM PUBLIC;
REVOKE ALL ON SEQUENCE usuario_pk_id_user_seq FROM postgres;
GRANT ALL ON SEQUENCE usuario_pk_id_user_seq TO postgres;


--
-- Name: vehiculo; Type: ACL; Schema: public; Owner: postgres
--

REVOKE ALL ON TABLE vehiculo FROM PUBLIC;
REVOKE ALL ON TABLE vehiculo FROM postgres;
GRANT ALL ON TABLE vehiculo TO postgres;


--
-- Name: vehiculo_id_cliente_seq; Type: ACL; Schema: public; Owner: postgres
--

REVOKE ALL ON SEQUENCE vehiculo_id_cliente_seq FROM PUBLIC;
REVOKE ALL ON SEQUENCE vehiculo_id_cliente_seq FROM postgres;
GRANT ALL ON SEQUENCE vehiculo_id_cliente_seq TO postgres;


--
-- Name: vehiculo_id_vehiculo_seq; Type: ACL; Schema: public; Owner: postgres
--

REVOKE ALL ON SEQUENCE vehiculo_id_vehiculo_seq FROM PUBLIC;
REVOKE ALL ON SEQUENCE vehiculo_id_vehiculo_seq FROM postgres;
GRANT ALL ON SEQUENCE vehiculo_id_vehiculo_seq TO postgres;


--
-- PostgreSQL database dump complete
--

